<?xml version="1.0" encoding="UTF-8"?>
<project-private xmlns="http://www.netbeans.org/ns/project-private/1">
    <editor-bookmarks xmlns="http://www.netbeans.org/ns/editor-bookmarks/2" lastBookmarkId="0"/>
    <open-files xmlns="http://www.netbeans.org/ns/projectui-open-files/2">
        <group>
            <file>file:/C:/Users/Juh/Desktop/issues/RentACar/src/core/Vehicle.java</file>
            <file>file:/C:/Users/Juh/Desktop/issues/RentACar/src/userInterface/newEmployeeUI.java</file>
            <file>file:/C:/Users/Juh/Desktop/issues/RentACar/src/userInterface/ReturnCarUI.java</file>
            <file>file:/C:/Users/Juh/Desktop/issues/RentACar/src/userInterface/RentacarUI.java</file>
            <file>file:/C:/Users/Juh/Desktop/issues/RentACar/src/userInterface/newRentalUI.java</file>
            <file>file:/C:/Users/Juh/Desktop/issues/RentACar/src/userInterface/addInventoryUI.java</file>
        </group>
    </open-files>
</project-private>
